,temperature_c,humidity,pressure
2024-12-25 19:32:00,24.080422953196102,47.58328766163048,1025.4886982419596
2024-12-25 19:33:00,24.020125625660874,47.03511216487427,1025.5522869964789
2024-12-25 19:34:00,23.924654942774215,47.17350198949259,1025.6118076899672
2024-12-25 19:35:00,23.849283425236354,47.32957303555888,1025.6501050860961
2024-12-25 19:36:00,23.778936734615126,47.485656320481056,1025.614586620315
2024-12-25 19:37:00,23.713614858686924,47.6243051485014,1025.6148581908956
2024-12-25 19:38:00,23.66839205031865,47.71086820444108,1025.6761417624286
2024-12-25 19:39:00,23.58297125438694,47.8374887692489,1025.5605698221236
2024-12-25 19:40:00,23.542773261875844,47.92989162570098,1025.6302298283438
2024-12-25 19:41:00,23.492525797430424,48.056994882156125,1025.683051901248
2024-12-25 19:42:00,23.442278362088835,48.10268059334437,1025.6263246154006
2024-12-25 19:43:00,23.397055695165182,48.32861899299439,1025.6053873753665
2024-12-25 19:44:00,23.356857788801427,48.44997928345019,1025.702371308358
2024-12-25 19:45:00,23.30661043204018,48.518840860286396,1025.6456259297725
2024-12-25 19:46:00,23.281486764573494,48.646227806911654,1025.740442753318
2024-12-25 19:47:00,23.22621472175815,48.72657836159274,1025.6205256543642
2024-12-25 19:48:00,23.191041621938346,48.81307846464917,1025.6711238447624
2024-12-25 19:49:00,23.160893262014724,48.87642176977503,1025.6206440467513
2024-12-25 19:50:00,23.14079436121974,48.99220969383056,1025.6690996660445
2024-12-25 19:51:00,23.09557185145677,49.12493058546081,1025.620744414793
2024-12-25 19:52:00,23.07044824510813,49.11864974771868,1025.6334088387423
2024-12-25 19:53:00,23.050349365267902,49.205363510909685,1025.6271184516283
2024-12-25 19:54:00,23.015176336752482,49.30338742335272,1025.622948127223
2024-12-25 19:55:00,22.980003322497943,49.40719727497664,1025.6461354564617
2024-12-25 19:56:00,22.959904463612475,49.39519485282113,1025.5851148694098
2024-12-25 19:57:00,22.929756184015424,49.48166799220546,1025.6167090216907
2024-12-25 19:58:00,22.909657336771488,49.54511248937673,1025.6377679887478
2024-12-25 19:59:00,22.88453378426493,49.64326862364895,1025.6230500438512
2024-12-25 20:00:00,22.85438553086133,49.70068932869716,1025.545201395204
2024-12-25 20:01:00,22.83428670107969,49.75250359625929,1025.7030339818034
2024-12-25 20:02:00,22.809163170401007,49.862228197611955,1025.5515324234264
2024-12-25 20:03:00,22.78403964699828,49.873312171427656,1025.5094558780843
2024-12-25 20:04:00,22.77901494319085,49.93122222199142,1025.5557478128285
2024-12-25 20:05:00,22.914682048145913,49.951452976062996,1025.5914642159064
2024-12-25 20:06:00,22.954879749618705,49.685312458405086,1025.5767003984424
2024-12-25 20:07:00,23.00010218604002,50.05770291804024,1025.5156154787635
2024-12-25 20:08:00,22.954879749618705,49.89425247560414,1025.5493391359248
2024-12-25 20:09:00,22.9046326256881,50.03828709762834,1025.5472754232437
2024-12-25 20:10:00,22.88453378426493,50.14230904104799,1025.4862590843536
2024-12-25 20:11:00,22.869459656253458,50.14779084069356,1025.5704464703058
2024-12-25 20:12:00,22.844336115388433,50.251687807601556,1025.5010150813855
2024-12-25 20:13:00,22.83428670107969,50.26887612715994,1025.5388976974803
2024-12-25 20:14:00,22.844336115388433,50.24008447214252,1025.5283714949742
2024-12-25 20:15:00,22.85438553086133,50.25770576712516,1025.5178445324302
2024-12-25 20:16:00,22.869459656253458,50.2464261807137,1025.5704464703058
2024-12-25 20:17:00,22.84936082297936,50.251795900718456,1025.4820731721838
2024-12-25 20:18:00,22.864434947498374,50.23471431593275,1025.5893887457098
2024-12-25 20:19:00,22.879509074636736,50.18862037460839,1025.5052027682764
2024-12-25 20:20:00,22.89458320439444,50.183139824572066,1025.5578048940554
2024-12-25 20:21:00,22.94985503591597,50.45705559055808,1025.5682859573978
2024-12-25 20:22:00,23.025225772015983,49.895704933781424,1025.6124125483132
2024-12-25 20:23:00,23.13074491256848,49.67143832975474,1025.597534262052
2024-12-25 20:24:00,23.160893262014724,49.77075739773213,1025.5659035277934
2024-12-25 20:25:00,23.22118999233935,50.45137730896079,1025.5299943541918
2024-12-25 20:29:00,23.46740207612165,49.4980375833851,1025.4493115327136
2024-12-25 20:31:00,23.66336729528848,48.57155179522059,1025.5307712758436
2024-12-25 20:32:00,23.618144513113656,48.599838471610454,1025.4824856848647
2024-12-25 20:33:00,24.336687062773855,68.06645505343292,1025.6705928566082
2024-12-25 20:37:00,22.83931140808854,53.86984309061135,1025.7114504291312
2024-12-25 20:38:00,21.71378430707846,56.7716144274325,1025.711078964699
2024-12-25 20:39:00,20.985214282158996,59.096639948026365,1025.7444073508639
2024-12-25 20:40:00,20.57822265625,60.45506986135095,1025.7975498437224
2024-12-25 20:41:00,20.35211702250526,61.28442837707127,1025.8267429928728
2024-12-25 20:42:00,20.196355706546456,61.69663086543063,1025.8376362334377
2024-12-25 20:43:00,20.105913780466654,62.031268269050834,1025.8764212676851
2024-12-25 20:44:00,20.025521036447024,62.285812909733984,1025.8503388126683
2024-12-25 20:45:00,19.980300150677795,62.46160981340029,1025.856082408646
2024-12-25 20:46:00,19.945128366933204,62.52301281458655,1025.8514663383262
2024-12-25 20:47:00,19.91498113507405,62.64782511880769,1025.8552857279103
2024-12-25 20:48:00,19.894882986322045,62.66977286200718,1025.903210062706
2024-12-25 20:49:00,19.869760306930402,62.70868752973041,1025.7793256525056
2024-12-25 20:50:00,19.859711237211013,62.736883223144076,1025.8713526454503
2024-12-25 20:51:00,19.854686702787877,62.75959256768845,1025.835685489792
2024-12-25 20:52:00,19.844637634814717,62.822232692594056,1025.8732567198133
2024-12-25 20:53:00,19.829564035037766,62.758309708958215,1025.8751597488022
2024-12-25 20:54:00,19.81951496997499,62.76927833989198,1025.7766031334886
2024-12-25 20:55:00,19.804441374563613,62.7857301630414,1025.7785068204387
2024-12-25 20:56:00,19.804441374563613,62.7168411860404,1025.8057310653103
2024-12-25 20:57:00,19.79439231241122,62.79669729631504,1025.843297612627
2024-12-25 20:58:00,19.779318721365417,62.80166622105904,1025.7907516920009
2024-12-25 20:59:00,19.769269662123406,62.8068919639147,1025.7738704569765
2024-12-25 21:00:00,19.75922060404555,62.80637733487796,1025.7297671027718
2024-12-25 21:01:00,19.75922060404555,62.74897618076858,1025.7842116103611
2024-12-25 21:02:00,19.74414701911155,62.78264574843425,1025.9222194326728
2024-12-25 21:03:00,19.74414701911155,62.73672614721551,1025.8677760515966
2024-12-25 21:04:00,19.74414701911155,62.77116590679359,1025.8133327435578
2024-12-25 21:05:00,19.734097963944077,62.74195282697096,1025.8781142460055
2024-12-25 21:06:00,19.734097963944077,62.71899334973713,1025.8508930131386
2024-12-25 21:07:00,19.71399985710159,62.66631059472483,1025.8715680027424
2024-12-25 21:08:00,19.719024383375654,62.66656644993431,1025.9072304258223
2024-12-25 21:09:00,19.698926280025624,62.74015593767689,1025.8462427116237
2024-12-25 21:10:00,19.688877230096843,62.68224929995123,1025.8837978614317
2024-12-25 21:11:00,19.698926280025624,62.68850098046571,1025.9279018649072
2024-12-25 21:12:00,19.693901754915714,62.682505401054215,1025.919459491208
2024-12-25 21:13:00,19.67882818133221,62.68747629606982,1025.9757891849672
2024-12-25 21:14:00,19.668779133731732,62.71565924254123,1025.9316849294978
2024-12-25 21:15:00,19.663754610368052,62.66949054224253,1025.9232422957532
2024-12-25 21:16:00,19.658730087295407,62.801228787739355,1025.942017690096
2024-12-25 21:17:00,19.67380365738645,62.865129342521385,1025.940127594663
2024-12-25 21:18:00,19.668779133731732,62.79600492321241,1025.9589033746904
2024-12-25 21:19:00,19.658730087295407,62.801228787739355,1025.942017690096
2024-12-25 21:20:00,19.653705564513803,62.76653885028009,1026.042446167089
2024-12-25 21:21:00,19.648681042023235,62.72037179588441,1025.9795672822447
2024-12-25 21:22:00,19.633607476297765,62.76551016414183,1025.9270209221902
2024-12-25 21:23:00,19.628582954971353,62.70786809100516,1025.9185780599232
2024-12-25 21:24:00,19.628582954971353,62.75377606994836,1025.9457947475296
2024-12-25 21:25:00,19.61853391319164,62.77047684594951,1025.8744762088684
2024-12-25 21:26:00,19.623558433935976,62.793687506729384,1025.8829187839997
2024-12-25 21:27:00,19.623558433935976,62.80516413720757,1025.9101352290945
2024-12-25 21:28:00,19.613509392738344,62.79891060285052,1025.974897761005
2024-12-25 21:29:00,19.61853391319164,62.856550235162295,1026.0105574955714
2024-12-25 21:30:00,19.60848487257608,62.79291484992305,1025.8848069252538
2024-12-25 21:31:00,19.598435833124675,62.74075729207928,1025.9767830243354
2024-12-25 21:32:00,19.588386794837426,62.654172779951075,1025.9871109439762
2024-12-25 21:33:00,19.588386794837426,62.550885298760875,1025.9871109439762
2024-12-25 21:34:00,19.578337757714326,62.48151698716885,1026.0246526652152
2024-12-25 21:35:00,19.583362276130355,62.43586412607486,1026.0330967827927
2024-12-25 21:36:00,19.56828872175538,62.343290562423604,1026.007764524451
2024-12-25 21:37:00,19.563264204212466,62.3659911240354,1025.9721066194884
2024-12-25 21:38:00,19.563264204212466,62.37172938874479,1026.053748319574
2024-12-25 21:39:00,19.56828872175538,62.33181379578258,1026.007764524451
2024-12-25 21:40:00,19.573313239589332,62.34928158062935,1026.043422927637
2024-12-25 21:41:00,19.55321516999975,62.36548538438747,1026.0096460008347
2024-12-25 21:42:00,19.548190653329947,62.319327586913374,1026.0284150933326
2024-12-25 21:43:00,19.548190653329947,62.370970569248854,1026.0556283571
2024-12-25 21:44:00,19.538141620863463,62.35325078803564,1026.038739248482
2024-12-25 21:45:00,19.548190653329947,62.35949441933273,1026.0284150933326
2024-12-25 21:46:00,19.548190653329947,62.39392275185714,1026.001201847813
2024-12-25 21:47:00,19.548190653329947,62.370970569248854,1026.0556283571
2024-12-25 21:48:00,19.538141620863463,62.42210566157063,1025.929888096906
2024-12-25 21:49:00,19.543166136951186,62.433835021329145,1025.9655447232465
2024-12-25 21:50:00,19.543166136951186,62.42235921607601,1025.9655447232465
2024-12-25 21:51:00,19.543166136951186,62.41662129879677,1025.9927577262672
2024-12-25 21:52:00,19.538141620863463,62.42784350420512,1025.929888096906
2024-12-25 21:53:00,19.543166136951186,62.41662129879677,1025.9655447232465
2024-12-25 21:54:00,19.543166136951186,62.43957290930305,1025.9655447232465
2024-12-25 21:55:00,19.548190653329947,62.42261276032257,1026.0284150933326
2024-12-25 21:56:00,19.543166136951186,62.39366953199544,1025.9655447232465
2024-12-25 21:57:00,19.548190653329947,62.45704044811519,1026.0284150933326
2024-12-25 21:58:00,19.55321516999975,62.48024622734458,1026.0096460008347
2024-12-25 21:59:00,19.558239686960587,62.394429160803945,1026.0453038793537
2024-12-25 22:00:00,19.548190653329947,62.399660773087554,1026.0284150933326
2024-12-25 22:01:00,19.55321516999975,62.39991404756781,1025.9824325493114
2024-12-25 22:02:00,19.548190653329947,62.42835073270967,1025.9467754115174
2024-12-25 22:03:00,19.543166136951186,62.37645560432582,1025.9383317384736
2024-12-25 22:04:00,19.558239686960587,62.42885792017902,1025.9092355917182
2024-12-25 22:05:00,19.548190653329947,62.405398784549305,1025.8923490482136
2024-12-25 22:06:00,19.538141620863463,62.42210566157063,1025.875462630602
2024-12-25 22:07:00,19.558239686960587,62.50345235900681,1025.8275948381186
2024-12-25 22:08:00,19.55321516999975,62.457294371357506,1025.8463655654173
2024-12-25 22:09:00,19.548190653329947,62.41687477816681,1025.810709640117
2024-12-25 22:10:00,19.558239686960587,62.446072167983594,1025.8275948381186
2024-12-25 22:11:00,19.548190653329947,62.479992044603655,1025.7834965405805
2024-12-25 22:12:00,19.548190653329947,62.4340886953281,1025.8651358939335
2024-12-25 22:13:00,19.558239686960587,62.50919032437902,1025.8820219889365
2024-12-25 22:14:00,19.543166136951186,62.46826220264596,1025.9111187719482
2024-12-25 22:15:00,19.543166136951186,62.51416456403567,1025.8839058236701
2024-12-25 22:16:00,19.548190653329947,62.53737035201838,1025.8651358939335
2024-12-25 22:17:00,19.543166136951186,62.49121346148834,1025.9111187719482
2024-12-25 22:18:00,19.533117105066776,62.50791773753997,1025.8942319687903
2024-12-25 22:19:00,19.538141620863463,62.45653257085431,1025.9026753546304
2024-12-25 22:20:00,19.538141620863463,62.50243456954562,1025.929888096906
2024-12-25 22:21:00,19.52809258956113,62.54782594883025,1025.9402132202338
2024-12-25 22:22:00,19.52809258956113,62.50192561326313,1025.8857886144308
2024-12-25 22:23:00,19.52306807434652,62.53035857835817,1025.9045573610833
2024-12-25 22:24:00,19.52306807434652,62.58773276304025,1025.877345291553
2024-12-25 22:25:00,19.52306807434652,62.54757093632209,1025.9045573610833
2024-12-25 22:26:00,19.52306807434652,62.610682163421636,1025.9589815548832
2024-12-25 22:27:00,19.51804355942295,62.59321458605556,1025.9233257089718
2024-12-25 22:28:00,19.52306807434652,62.564783206378046,1025.93176944886
2024-12-25 22:29:00,19.52306807434652,62.6164194890981,1025.8501332402693
2024-12-25 22:30:00,19.52306807434652,62.75411237506773,1025.877345291553
2024-12-25 22:31:00,19.51804355942295,62.71943271221239,1025.8961138454426
2024-12-25 22:32:00,19.52306807434652,62.72542682111611,1025.9589815548832
2024-12-25 22:33:00,19.507994530448922,62.69597086415158,1026.0152841662593
2024-12-25 22:34:00,19.502970016398468,62.74734604973571,1025.9524171145567
2024-12-25 22:35:00,19.51301904479042,62.70196464344993,1025.9965170278929
2024-12-25 22:36:00,19.51301904479042,62.73064974410355,1025.969305333873
2024-12-25 22:37:00,19.502970016398468,62.74734604973571,1026.0068396238544
2024-12-25 22:38:00,19.49794550263905,62.71266790885111,1026.025606170716
2024-12-25 22:39:00,19.49794550263905,62.79871926641638,1025.9711840734205
2024-12-25 22:40:00,19.49292098917067,62.73535793770179,1025.9899506335353
2024-12-25 22:41:00,19.482871963107026,62.72337026448279,1025.945851402427
2024-12-25 22:42:00,19.49292098917067,62.746831371148325,1026.0443723188287
2024-12-25 22:43:00,19.482871963107026,62.73484347753707,1026.0002721542526
2024-12-25 22:44:00,19.482871963107026,62.73484347753707,1026.0819034188216
2024-12-25 22:45:00,19.482871963107026,62.70616037165807,1026.0002721542526
2024-12-25 22:46:00,19.4627739144722,62.7452870891901,1026.102541620675
2024-12-25 22:47:00,19.472822938207536,62.740065438490205,1026.0922228960915
2024-12-25 22:48:00,19.46779842619435,62.705389577443334,1026.0565676677097
2024-12-25 22:49:00,19.46779842619435,62.716862459902735,1025.9477287090301
2024-12-25 22:50:00,19.472822938207536,62.774484006322105,1025.956173030918
2024-12-25 22:51:00,19.45774940304109,62.73929341516585,1025.9852587056741
2024-12-25 22:52:00,19.4627739144722,62.81985839513894,1026.0209129375708
2024-12-25 22:53:00,19.452724891901017,62.767716920550114,1026.0312322002167
2024-12-25 22:54:00,19.442675870493986,62.7442573627212,1026.041550710217
2024-12-25 22:55:00,19.45774940304109,62.75076592098976,1026.1485147811559
2024-12-25 22:56:00,19.452724891901017,62.72182741616284,1026.08565044356
2024-12-25 22:57:00,19.45774940304109,62.7278208702833,1026.1485147811559
2024-12-25 22:58:00,19.44770038105198,62.77893137307906,1026.049995995731
2024-12-25 22:59:00,19.44770038105198,62.78466743279653,1026.049995995731
2024-12-25 23:00:00,19.43765136022703,62.7497358940345,1026.0603139142975
2024-12-25 23:01:00,19.427602340566228,62.691861791166055,1025.9890070514773
2024-12-25 23:02:00,19.432626850251108,62.70359069857022,1026.0790767196659
2024-12-25 23:03:00,19.44770038105198,62.73304254382749,1026.049995995731
2024-12-25 23:04:00,19.432626850251108,62.657702410622946,1026.051868467594
2024-12-25 23:05:00,19.427602340566228,62.703333674841055,1026.0706310802525
2024-12-25 23:06:00,19.412528813257815,62.771390688941835,1026.0452943512093
2024-12-25 23:07:00,19.422577831172383,62.72028419854706,1026.0893932942047
2024-12-25 23:08:00,19.427602340566228,62.70906960203356,1026.097839126326
2024-12-25 23:09:00,19.41755332206958,62.72576272788137,1026.1353627435315
2024-12-25 23:10:00,19.422577831172383,62.697340768762935,1026.1166011342798
2024-12-25 23:11:00,19.412528813257815,62.70256254210402,1026.0180869960905
2024-12-25 23:12:00,19.41755332206958,62.66840460681132,1026.0537398960219
2024-12-25 23:13:00,19.407504304737085,62.70804114507474,1025.98243459441
2024-12-25 23:14:00,19.402479796507397,62.65042753720942,1025.8651621899146
2024-12-25 23:15:00,19.412528813257815,62.69109104762046,1026.0180869960905
2024-12-25 23:16:00,19.397455288568743,62.690320211750375,1025.9655445594246
2024-12-25 23:17:00,19.397455288568743,62.70179131704269,1026.0199579060068
2024-12-25 23:18:00,19.377357259724523,62.72370392895401,1025.986176420695
2024-12-25 23:19:00,19.377357259724523,62.7638504004667,1025.931764867982
2024-12-25 23:20:00,19.36730824704864,62.79200979969556,1025.8876699110215
2024-12-25 23:21:00,19.37233275324106,62.75212230849479,1025.9777311282426
2024-12-25 23:22:00,19.36228374114726,62.780281719953,1025.8520202963018
2024-12-25 23:23:00,19.36228374114726,62.71719665542759,1025.8520202963018
2024-12-25 23:24:00,19.36228374114726,62.76307681948041,1025.9064304306783
2024-12-25 23:25:00,19.347210225189336,62.768037928168575,1025.7994831212377
2024-12-25 23:26:00,19.352234730217607,62.71668192129252,1025.9167456096752
2024-12-25 23:27:00,19.35725923553691,62.75708401715285,1025.8979856813548
2024-12-25 23:28:00,19.352234730217607,62.819909076932404,1025.9711549565532
2024-12-25 23:29:00,19.33213671185076,62.80167128747279,1025.9101699247494
2024-12-25 23:30:00,19.337161216005917,62.801929673639755,1025.8914109730742
2024-12-25 23:31:00,19.337161216005917,62.80766425759759,1025.91861496471
2024-12-25 23:32:00,19.327112207986648,62.78994395329831,1025.84731784823
2024-12-25 23:33:00,19.32208770441357,62.79542008523031,1025.838873319864
2024-12-25 23:34:00,19.32208770441357,62.78395125768558,1025.8932799395425
2024-12-25 23:35:00,19.327112207986648,62.744067811945186,1025.8745213731772
2024-12-25 23:36:00,19.29696519091376,62.736786937283476,1025.8510555291211
2024-12-25 23:37:00,19.29696519091376,62.79412822224832,1025.823853331284
2024-12-25 23:38:00,19.29696519091376,62.822798498822664,1025.8510555291211
2024-12-25 23:39:00,19.301989693031647,62.817323115577544,1025.8867027883364
2024-12-25 23:40:00,19.30701419544057,62.760239565987305,1025.8951478630652
2024-12-25 23:41:00,19.291940689086914,62.78240176966746,1025.897014743713
2024-12-25 23:42:00,19.286916187551107,62.724803302895474,1025.8613677536607
2024-12-25 23:43:00,19.286916187551107,62.71906923094483,1025.8341659860341
2024-12-25 23:44:00,19.276867185352604,62.735755856734606,1025.7900752683513
2024-12-25 23:45:00,19.266818184318254,62.67790188604721,1025.7731864264329
2024-12-25 23:46:00,19.261793684237638,62.66044321208205,1025.791942681165
2024-12-25 23:47:00,19.256769184448057,62.72899094879769,1025.7290973250535
2024-12-25 23:48:00,19.251744684949518,62.688597714933664,1025.6390528633929
2024-12-25 23:49:00,19.261793684237638,62.66044321208205,1025.7375414428022
2024-12-25 23:50:00,19.256769184448057,62.70605619821208,1025.701896957436
2024-12-25 23:51:00,19.251744684949518,62.70579868571485,1025.6390528633929
2024-12-25 23:52:00,19.236671188200127,62.699292634095,1025.6409222467992
2024-12-25 23:53:00,19.236671188200127,62.75662672091173,1025.5593239985967
2024-12-25 23:54:00,19.22662219182239,62.66437750456092,1025.5696373022956
2024-12-25 23:55:00,19.216573196608806,62.73266163030142,1025.552751334597
2024-12-25 23:56:00,19.211548699438573,62.67507247761515,1025.6259033378826
2024-12-25 23:57:00,19.206524202559375,62.69201447507844,1025.61745976044
2024-12-25 23:58:00,19.20149970597122,62.691756989727295,1025.5818183315714
2024-12-25 23:59:00,19.211548699438573,62.70947133494354,1025.4899118628327
2024-12-26 00:00:00,19.20149970597122,62.69748999800962,1025.5818183315714
2024-12-26 00:01:00,19.196475209674098,62.70296537120059,1025.6277703774838
2024-12-26 00:02:00,19.186426217952977,62.679518815487974,1025.5292913642768
2024-12-26 00:03:00,19.20149970597122,62.70895598531428,1025.5818183315714
2024-12-26 00:04:00,19.176377227396006,62.742063213660956,1025.5939957401188
2024-12-26 00:05:00,19.18140172252897,62.770984541814435,1025.602439352015
2024-12-26 00:06:00,19.176377227396006,62.69046940909738,1025.6483893552675
2024-12-26 00:07:00,19.176377227396006,62.71913273137709,1025.6483893552675
2024-12-26 00:08:00,19.186426217952977,62.679518815487974,1025.6924747908506
2024-12-26 00:09:00,19.176377227396006,62.61021080966958,1025.7571768042794
2024-12-26 00:10:00,19.171352732554077,62.52396166629512,1025.7215352133896
2024-12-26 00:11:00,19.171352732554077,62.50102996115993,1025.6399453265915
2024-12-26 00:12:00,19.18140172252897,62.53593904105061,1025.7112275520465
2024-12-26 00:13:00,19.176377227396006,62.56434789465875,1025.7299799146872
2024-12-26 00:14:00,19.20149970597122,62.594294356668925,1025.7450059032674
2024-12-26 00:15:00,19.196475209674098,62.57110542937476,1025.7365612680185
2024-12-26 00:16:00,19.221597694070077,62.50358356204482,1025.778784760496
2024-12-26 00:17:00,19.206524202559375,62.50855098450903,1025.726252371745
2024-12-26 00:18:00,19.211548699438573,62.56040708387348,1025.7346968460313
2024-12-26 00:19:00,19.216573196608806,62.531995774367275,1025.770339998758
2024-12-26 00:20:00,19.216573196608806,62.49759471360887,1025.770339998758
2024-12-26 00:21:00,19.22662219182239,62.48090415016244,1025.7872295538518
2024-12-26 00:22:00,19.22662219182239,62.48663784368116,1025.7600304586053
2024-12-26 00:23:00,19.236671188200127,62.53875200141109,1025.8313187973117
2024-12-26 00:24:00,19.251744684949518,62.47644518952657,1025.7750535804
2024-12-26 00:25:00,19.261793684237638,62.54003020941356,1025.8463439924526
2024-12-26 00:26:00,19.256769184448057,62.49963641878682,1025.701896957436
2024-12-26 00:27:00,19.266818184318254,62.50588092572675,1025.63718243733
2024-12-26 00:28:00,19.271842684689908,62.483199086109664,1025.7272287328224
2024-12-26 00:29:00,19.256769184448057,62.52257257420338,1025.5658953928107
2024-12-26 00:30:00,19.261793684237638,62.5457642594815,1025.6015386659412
2024-12-26 00:31:00,19.271842684689908,62.477464798979774,1025.6456257214022
2024-12-26 00:32:00,19.271842684689908,62.48893336348311,1025.6184247540593
2024-12-26 00:33:00,19.266818184318254,62.488678346762065,1025.63718243733
2024-12-26 00:34:00,19.291940689086914,62.49568785488799,1025.6521973093697
2024-12-26 00:35:00,19.271842684689908,62.483199086109664,1025.7000277107838
2024-12-26 00:36:00,19.281891686306334,62.45503677708156,1025.6081095709944
2024-12-26 00:37:00,19.276867185352604,62.44904776933186,1025.599666672177
2024-12-26 00:38:00,19.291940689086914,62.421138241420266,1025.6249954633852
2024-12-26 00:39:00,19.281891686306334,62.42636435121095,1025.635310968541
2024-12-26 00:40:00,19.281891686306334,62.40342623489059,1025.6081095709944
2024-12-26 00:41:00,19.301989693031647,62.35282855658196,1025.614679205913
2024-12-26 00:42:00,19.291940689086914,62.39246487408376,1025.6249954633852
2024-12-26 00:43:00,19.30701419544057,62.393226430984235,1025.62312203842
2024-12-26 00:44:00,19.33213671185076,62.36008401040549,1025.610929486195
2024-12-26 00:45:00,19.337161216005917,62.314454366886515,1025.6193720596739
2024-12-26 00:46:00,19.352234730217607,62.29227039175609,1025.5902910602695
2024-12-26 00:47:00,19.352234730217607,62.298006038935526,1025.5630866330225
2024-12-26 00:48:00,19.36228374114726,62.28703973806988,1025.5255610219567
2024-12-26 00:49:00,19.37233275324106,62.26460093682775,1025.488033816223
2024-12-26 00:50:00,19.35725923553691,62.292522963393,1025.5171194118223
2024-12-26 00:51:00,19.36730824704864,62.304499749771146,1025.479592591448
2024-12-26 00:52:00,19.36730824704864,62.327442980406275,1025.5612077270903
2024-12-26 00:53:00,19.35725923553691,62.26958001755094,1025.5171194118223
2024-12-26 00:54:00,19.36228374114726,62.28130394160848,1025.5799707186438
2024-12-26 00:55:00,19.37233275324106,62.27033689233382,1025.5424443368674
2024-12-26 00:56:00,19.36730824704864,62.28729222430786,1025.534002663639
2024-12-26 00:57:00,19.36730824704864,62.2471409899371,1025.534002663639
2024-12-26 00:58:00,19.37233275324106,62.258864971560776,1025.6240602546166
2024-12-26 00:59:00,19.37233275324106,62.2473930117442,1025.5696496245462
2024-12-26 01:00:00,19.38238176649902,62.24216090026614,1025.5593277779544
2024-12-26 01:01:00,19.377357259724523,62.230436815712245,1025.5236805479715
2024-12-26 01:02:00,19.37233275324106,62.18429653484997,1025.6240602546166
2024-12-26 01:03:00,19.377357259724523,62.19602013700259,1025.6597081986936
2024-12-26 01:04:00,19.377357259724523,62.155866901044426,1025.6325026320733
2024-12-26 01:05:00,19.377357259724523,62.15013068543455,1025.5780915535465
2024-12-26 01:06:00,19.37233275324106,62.07530892927209,1025.6784709576373
2024-12-26 01:07:00,19.387406273564558,62.09326848097678,1025.6221814847754
2024-12-26 01:08:00,19.39243078092113,62.04762629532595,1025.6306237326278
2024-12-26 01:09:00,19.397455288568743,62.08229575360564,1025.5846531761295
2024-12-26 01:10:00,19.397455288568743,62.088032345904125,1025.5846531761295
2024-12-26 01:11:00,19.397455288568743,62.076559151545155,1025.6118595849534
2024-12-26 01:12:00,19.387406273564558,62.06458611956511,1025.5405636036835
2024-12-26 01:13:00,19.39243078092113,62.04762629532595,1025.603417529795
2024-12-26 01:14:00,19.39243078092113,62.03041647881454,1025.5762113452015
2024-12-26 01:15:00,19.387406273564558,61.990010837793506,1025.4861517741479
2024-12-26 01:16:00,19.397455288568743,61.95608825325444,1025.5302404131985
2024-12-26 01:17:00,19.407504304737085,61.94511164191531,1025.5199164701623
2024-12-26 01:18:00,19.397455288568743,61.99050894919865,1025.5302404131985
2024-12-26 01:19:00,19.407504304737085,61.979533233727295,1025.4927096858344
2024-12-26 01:20:00,19.422577831172383,61.963068536957515,1025.5180328661982
2024-12-26 01:21:00,19.41755332206958,61.9456086329478,1025.5095917745532
2024-12-26 01:22:00,19.41755332206958,61.96281986214883,1025.5095917745532
2024-12-26 01:23:00,19.407504304737085,61.93363769987847,1025.5743300935376
2024-12-26 01:24:00,19.41755332206958,61.90544875644448,1025.5367990073441
2024-12-26 01:25:00,19.41755332206958,61.848076674451846,1025.5367990073441
2024-12-26 01:26:00,19.427602340566228,61.86004617206584,1025.5264739893641
2024-12-26 01:27:00,19.422577831172383,61.825374685590056,1025.5452403232216
2024-12-26 01:28:00,19.427602340566228,61.791197061706455,1025.5536816706203
2024-12-26 01:29:00,19.432626850251108,61.854556221169325,1025.6165389152418
2024-12-26 01:30:00,19.43765136022703,61.785952847075755,1025.5433563302497
2024-12-26 01:31:00,19.44770038105198,61.82087242782825,1025.5874473753893
2024-12-26 01:32:00,19.442675870493986,61.820625426731475,1025.606214274126
2024-12-26 01:33:00,19.43765136022703,61.757264604989565,1025.5977726079398
2024-12-26 01:34:00,19.43765136022703,61.69414961318802,1025.570564459974
2024-12-26 01:35:00,19.43765136022703,61.7744775795326,1025.570564459974
2024-12-26 01:36:00,19.432626850251108,61.72259247398488,1025.643746875455
2024-12-26 01:37:00,19.422577831172383,61.653249463265496,1025.6268628037346
2024-12-26 01:38:00,19.43765136022703,61.653984912378476,1025.5977726079398
2024-12-26 01:39:00,19.432626850251108,61.602099324491256,1025.6165389152418
2024-12-26 01:40:00,19.432626850251108,61.73406778747025,1025.5893309732694
2024-12-26 01:41:00,19.442675870493986,61.694395196706424,1025.6334226645686
2024-12-26 01:42:00,19.427602340566228,61.71660893894306,1025.6625125780542
2024-12-26 01:43:00,19.442675870493986,61.637016257183184,1025.687839500179
2024-12-26 01:44:00,19.43765136022703,61.6023438797746,1025.6521889585956
2024-12-26 01:45:00,19.432626850251108,61.64226418606974,1025.5893309732694
2024-12-26 01:46:00,19.427602340566228,61.60759256069883,1025.6353048238343
2024-12-26 01:47:00,19.442675870493986,61.56242217608581,1025.687839500179
2024-12-26 01:48:00,19.442675870493986,61.642754195073486,1025.687839500179
2024-12-26 01:49:00,19.442675870493986,61.59685041855925,1025.660631073253
2024-12-26 01:50:00,19.46779842619435,61.632502503417165,1025.7844708183065
2024-12-26 01:51:00,19.45774940304109,61.5516778381185,1025.713166705947
2024-12-26 01:52:00,19.477847450511764,61.55265345576279,1025.6925167798133
2024-12-26 01:53:00,19.46779842619435,61.500519547944805,1025.7028421192279
2024-12-26 01:54:00,19.46779842619435,61.55216566746176,1025.7028421192279
2024-12-26 01:55:00,19.472822938207536,61.55814804055083,1025.6840746688329
2024-12-26 01:56:00,19.472822938207536,61.51797851882095,1025.6840746688329
2024-12-26 01:57:00,19.472822938207536,61.50076286302822,1025.6840746688329
2024-12-26 01:58:00,19.472822938207536,61.535194086725724,1025.6840746688329
2024-12-26 01:59:00,19.45774940304109,61.511509611153606,1025.5499123817563
2024-12-26 02:00:00,19.46779842619435,61.57511924446543,1025.6212135843382
2024-12-26 02:01:00,19.452724891901017,61.45962115337991,1025.5414712937452
2024-12-26 02:02:00,19.44770038105198,61.43068657774175,1025.614655971826
2024-12-26 02:03:00,19.45774940304109,61.402479154663226,1025.6587485249129
2024-12-26 02:04:00,19.45774940304109,61.402479154663226,1025.6587485249129
2024-12-26 02:05:00,19.46779842619435,61.494781041395164,1025.7028421192279
2024-12-26 02:06:00,19.4627739144722,61.454368416082225,1025.6671905413805
2024-12-26 02:07:00,19.472822938207536,61.39746708262476,1025.6568649329636
2024-12-26 02:08:00,19.477847450511764,61.38623158492613,1025.746936754763
2024-12-26 02:09:00,19.48789647599333,61.38671556722673,1025.6821906876812
2024-12-26 02:10:00,19.48789647599333,61.39245451897807,1025.6549802973343
2024-12-26 02:11:00,19.49292098917067,61.35826231315468,1025.7450539528247
2024-12-26 02:12:00,19.48789647599333,61.42688802440023,1025.6277699252319
2024-12-26 02:13:00,19.49292098917067,61.39843556655455,1025.6906326689138
2024-12-26 02:14:00,19.49292098917067,61.38695754298568,1025.6634220543253
2024-12-26 02:15:00,19.48789647599333,61.41541022832349,1025.6277699252319
2024-12-26 02:16:00,19.477847450511764,61.391970406845104,1025.6925167798133
2024-12-26 02:17:00,19.49292098917067,61.323827715072305,1025.7450539528247
2024-12-26 02:18:00,19.477847450511764,61.328842828631096,1025.6380968778385
2024-12-26 02:19:00,19.472822938207536,61.25973445369462,1025.6024455159554
2024-12-26 02:20:00,19.482871963107026,61.311867163664544,1025.6193284239764
2024-12-26 02:21:00,19.472822938207536,61.29990705150294,1025.6296552153378
2024-12-26 02:22:00,19.46779842619435,61.32262130413173,1025.6212135843382
2024-12-26 02:23:00,19.472822938207536,61.30564595498568,1025.7384941953019
2024-12-26 02:24:00,19.482871963107026,61.28317194822694,1025.700958922294
2024-12-26 02:25:00,19.472822938207536,61.25973445369462,1025.6840746688329
2024-12-26 02:26:00,19.472822938207536,61.24825648071857,1025.7112844229457
2024-12-26 02:27:00,19.472822938207536,61.144952966175005,1025.6568649329636
2024-12-26 02:28:00,19.482871963107026,61.133952892344816,1025.700958922294
2024-12-26 02:29:00,19.477847450511764,61.24849692920553,1025.6925167798133
2024-12-26 02:30:00,19.477847450511764,61.23127970173565,1025.7197267581664
2024-12-26 02:31:00,19.472822938207536,61.23103944801453,1025.7384941953019
2024-12-26 02:32:00,19.482871963107026,61.23725909570656,1025.7553793457262
2024-12-26 02:33:00,19.482871963107026,61.21430243506782,1025.700958922294
2024-12-26 02:34:00,19.472822938207536,61.15643129070288,1025.6296552153378
2024-12-26 02:35:00,19.477847450511764,61.13945300419925,1025.6925167798133
2024-12-26 02:36:00,19.472822938207536,61.173648704254724,1025.6568649329636
2024-12-26 02:37:00,19.48789647599333,61.122713229623905,1025.6821906876812
2024-12-26 02:38:00,19.49794550263905,61.16336770889383,1025.6174422198828
2024-12-26 02:39:00,19.48789647599333,61.12845263061103,1025.7094010962726
2024-12-26 02:40:00,19.477847450511764,61.13945300419925,1025.7197267581664
2024-12-26 02:41:00,19.48789647599333,61.094016078198315,1025.6821906876812
2024-12-26 02:42:00,19.477847450511764,61.15093147810901,1025.6925167798133
2024-12-26 02:43:00,19.48789647599333,61.10549496806654,1025.6277699252319
2024-12-26 02:44:00,19.477847450511764,61.059102593089236,1025.6380968778385
2024-12-26 02:45:00,19.477847450511764,61.024666116680464,1025.6380968778385
2024-12-26 02:46:00,19.477847450511764,61.03040555382914,1025.5836770488388
2024-12-26 02:47:00,19.477847450511764,60.99596878445386,1025.6380968778385
2024-12-26 02:48:00,19.482871963107026,61.00194591682058,1025.5376980898554
2024-12-26 02:49:00,19.49292098917067,60.97372267730216,1025.5545797784182
2024-12-26 02:50:00,19.49794550263905,60.956740555347494,1025.5358099223301
2024-12-26 02:51:00,19.502970016398468,60.93975794563503,1025.5442506210943
2024-12-26 02:52:00,19.507994530448922,60.93999482645967,1025.552691351344
2024-12-26 02:53:00,19.502970016398468,60.89383832763794,1025.4626178150238
2024-12-26 02:54:00,19.51804355942295,60.86584632819083,1025.5151496718788
2024-12-26 02:55:00,19.51301904479042,60.79672756854192,1025.4522866142067
2024-12-26 02:56:00,19.51301904479042,60.88283077816329,1025.4250752851037
2024-12-26 02:57:00,19.502970016398468,60.905318290737185,1025.4354069161573
2024-12-26 02:58:00,19.51804355942295,60.87732677857493,1025.433514957106
2024-12-26 02:59:00,19.502970016398468,60.95123775246768,1025.3809851731605
2024-12-26 03:00:00,19.49794550263905,60.933781201416025,1025.426967114356
2024-12-26 03:01:00,19.49794550263905,60.93952105454856,1025.4541777889822
2024-12-26 03:02:00,19.48789647599333,60.927567785294144,1025.4645080757489
2024-12-26 03:03:00,19.477847450511764,60.904135680716166,1025.420417999691
2024-12-26 03:04:00,19.477847450511764,60.81803987547152,1025.420417999691
2024-12-26 03:05:00,19.477847450511764,60.81803987547152,1025.3659984625917
2024-12-26 03:06:00,19.482871963107026,60.87567354095712,1025.3744379142042
2024-12-26 03:07:00,19.48789647599333,60.818511002166474,1025.3556672076477
2024-12-26 03:08:00,19.477847450511764,60.863957911704084,1025.447627795606
2024-12-26 03:09:00,19.48789647599333,60.82999082957025,1025.4372978313572
2024-12-26 03:10:00,19.49794550263905,60.83046217496929,1025.399756457975
2024-12-26 03:11:00,19.502970016398468,60.796257063978345,1025.4354069161573
2024-12-26 03:12:00,19.507994530448922,60.70464751460918,1025.4982690139018
2024-12-26 03:13:00,19.49794550263905,60.73862038387826,1025.4541777889822
2024-12-26 03:14:00,19.49794550263905,60.75584091015341,1025.3453351999476
2024-12-26 03:15:00,19.49794550263905,60.79028169900983,1025.399756457975
2024-12-26 03:16:00,19.502970016398468,60.73885500214974,1025.4354069161573
2024-12-26 03:17:00,19.49794550263905,60.7730613485306,1025.399756457975
2024-12-26 03:18:00,19.49292098917067,60.81300655683149,1025.4185273440391
2024-12-26 03:19:00,19.48789647599333,60.80129118781583,1025.3556672076477
2024-12-26 03:20:00,19.482871963107026,60.76087637036565,1025.4560679199315
2024-12-26 03:21:00,19.48789647599333,60.69223032250208,1025.4372978313572
2024-12-26 03:22:00,19.48789647599333,60.76111127918784,1025.4645080757489
2024-12-26 03:23:00,19.48789647599333,60.795551230166964,1025.4100876052096
2024-12-26 03:24:00,19.482871963107026,60.772356263208714,1025.4288578997784
2024-12-26 03:25:00,19.482871963107026,60.766616321670064,1025.483277958329
2024-12-26 03:26:00,19.482871963107026,60.789576029230005,1025.4560679199315
2024-12-26 03:27:00,19.482871963107026,60.73217646735696,1025.4288578997784
2024-12-26 03:28:00,19.49292098917067,60.75560608679631,1025.4185273440391
2024-12-26 03:29:00,19.482871963107026,60.67477592890661,1025.4288578997784
2024-12-26 03:30:00,19.472822938207536,60.61690781261282,1025.4663972926965
2024-12-26 03:31:00,19.477847450511764,60.697502056750864,1025.420417999691
2024-12-26 03:32:00,19.472822938207536,60.714487598994005,1025.4391877027751
2024-12-26 03:33:00,19.472822938207536,60.68004799664471,1025.4663972926965
2024-12-26 03:34:00,19.482871963107026,60.663295704027256,1025.5104880149702
2024-12-26 03:35:00,19.4627739144722,60.742717499236996,1025.4495167530524
2024-12-26 03:36:00,19.46779842619435,60.68555385941939,1025.4307476414408
2024-12-26 03:37:00,19.46779842619435,60.59371439649146,1025.4579570071253
2024-12-26 03:38:00,19.46779842619435,60.62241449719686,1025.4579570071253
2024-12-26 03:39:00,19.472822938207536,60.634127979987284,1025.4391877027751
2024-12-26 03:40:00,19.4627739144722,60.63940085436706,1025.4495167530524
2024-12-26 03:41:00,19.452724891901017,60.61597448693039,1025.4054276464367
2024-12-26 03:42:00,19.46779842619435,60.662594228049954,1025.4851663910526
2024-12-26 03:43:00,19.472822938207536,60.59968755735041,1025.4936069008613
2024-12-26 03:44:00,19.45774940304109,60.65638672371995,1025.4410765304815
2024-12-26 03:45:00,19.4627739144722,60.56478130989248,1025.4223076116045
2024-12-26 03:46:00,19.442675870493986,60.54663089034674,1025.4157560517958
2024-12-26 03:47:00,19.452724891901017,60.5757955731144,1025.4326363394134
2024-12-26 03:48:00,19.45774940304109,60.576028465301185,1025.4410765304815
2024-12-26 03:49:00,19.45774940304109,60.58750833367981,1025.3866587142998
2024-12-26 03:50:00,19.45774940304109,60.530108601200254,1025.4138676132693
2024-12-26 03:51:00,19.477847450511764,60.55973927624412,1025.5020474421679
2024-12-26 03:52:00,19.477847450511764,60.50233645755603,1025.474837609765
2024-12-26 03:53:00,19.49292098917067,60.514513447938775,1025.5001587499326
2024-12-26 03:54:00,19.482871963107026,60.46238544530062,1025.483277958329
2024-12-26 03:55:00,19.49292098917067,60.474329666556166,1025.5001587499326
2024-12-26 03:56:00,19.48789647599333,60.39372992624742,1025.4645080757489
2024-12-26 03:57:00,19.49292098917067,60.39396066815696,1025.4729482630569
2024-12-26 03:58:00,19.482871963107026,60.33609287381844,1025.5376980898554
2024-12-26 03:59:00,19.49292098917067,60.388219952167525,1025.4729482630569
2024-12-26 04:00:00,19.48789647599333,60.365026573414745,1025.5189286192658
2024-12-26 04:01:00,19.482871963107026,60.41646142073585,1025.5921182943587
2024-12-26 04:02:00,19.482871963107026,60.48534722320446,1025.5376980898554
2024-12-26 04:03:00,19.472822938207536,60.513584962719,1025.5208165272697
2024-12-26 04:04:00,19.46779842619435,60.51335281575724,1025.539585213637
2024-12-26 04:05:00,19.4627739144722,60.495900265644906,1025.5855627339358
2024-12-26 04:06:00,19.452724891901017,60.386374249166344,1025.5142625277988
2024-12-26 04:07:00,19.452724891901017,60.48395625916391,1025.5414712937452
2024-12-26 04:08:00,19.44770038105198,60.47798442073564,1025.5602387971946
2024-12-26 04:09:00,19.44770038105198,60.437804321158744,1025.5602387971946
2024-12-26 04:10:00,19.44770038105198,60.432064267876605,1025.5874473753893
2024-12-26 04:11:00,19.452724891901017,60.455255960921335,1025.623097701038
2024-12-26 04:12:00,19.442675870493986,60.454792873655514,1025.579005901925
2024-12-26 04:13:00,19.442675870493986,60.391652787227116,1025.579005901925
2024-12-26 04:14:00,19.427602340566228,60.373740578799364,1025.5536816706203
2024-12-26 04:15:00,19.44770038105198,60.3746631980233,1025.5602387971946
2024-12-26 04:16:00,19.432626850251108,60.40841083889867,1025.5349151440482
2024-12-26 04:17:00,19.43765136022703,60.37420190893738,1025.5977726079398
2024-12-26 04:18:00,19.432626850251108,60.41415073637604,1025.643746875455
2024-12-26 04:19:00,19.442675870493986,60.37443255861186,1025.6334226645686
2024-12-26 04:20:00,19.432626850251108,60.35101132712969,1025.5893309732694
2024-12-26 04:21:00,19.422577831172383,60.36777006242438,1025.6268628037346
2024-12-26 04:22:00,19.41755332206958,60.37901896880235,1025.5912135276467
2024-12-26 04:23:00,19.422577831172383,60.37350989833578,1025.65407033372
2024-12-26 04:24:00,19.432626850251108,60.356751322242566,1025.6981628506053
2024-12-26 04:25:00,19.432626850251108,60.37971120505855,1025.643746875455
2024-12-26 04:26:00,19.43765136022703,60.35124172724417,1025.624980774147
2024-12-26 04:27:00,19.44770038105198,60.317261151748305,1025.6690732194259
2024-12-26 04:28:00,19.4627739144722,60.30072967080437,1025.6671905413805
2024-12-26 04:29:00,19.46779842619435,60.31818100850471,1025.6756325893548
2024-12-26 04:30:00,19.477847450511764,60.238270913561415,1025.6925167798133
2024-12-26 04:31:00,19.472822938207536,60.15767092840364,1025.6296552153378
2024-12-26 04:32:00,19.482871963107026,60.15238615039825,1025.728169124888
2024-12-26 04:33:00,19.472822938207536,60.12322564263322,1025.7112844229457
2024-12-26 04:34:00,19.472822938207536,60.14044832946241,1025.6840746688329
2024-12-26 04:35:00,19.46779842619435,60.12873875319954,1025.7028421192279
2024-12-26 04:36:00,19.4627739144722,60.12851094812726,1025.6943998470147
2024-12-26 04:37:00,19.45774940304109,60.09383872344215,1025.6315394617598
2024-12-26 04:38:00,19.452724891901017,60.13953656892842,1025.6503065399538
2024-12-26 04:39:00,19.442675870493986,60.16204251366768,1025.715047945347
2024-12-26 04:40:00,19.442675870493986,60.25962878879136,1025.687839500179
2024-12-26 04:41:00,19.442675870493986,60.22518689625364,1025.687839500179
2024-12-26 04:42:00,19.442675870493986,60.22518689625364,1025.715047945347
2024-12-26 04:43:00,19.432626850251108,60.167326328363465,1025.7253708655421
2024-12-26 04:44:00,19.427602340566228,60.23598026331742,1025.6625125780542
2024-12-26 04:45:00,19.427602340566228,60.2474605044008,1025.6353048238343
2024-12-26 04:46:00,19.43765136022703,60.19051608122178,1025.6521889585956
2024-12-26 04:47:00,19.432626850251108,60.11566312108552,1025.6709548539097
2024-12-26 04:48:00,19.43765136022703,60.161814267492296,1025.624980774147
2024-12-26 04:49:00,19.43765136022703,60.08144789046804,1025.624980774147
2024-12-26 04:50:00,19.44770038105198,60.09338384156673,1025.6690732194259
2024-12-26 04:51:00,19.4627739144722,60.12277017268233,1025.6399812539894
2024-12-26 04:52:00,19.46779842619435,60.08281175649665,1025.5667946522944
2024-12-26 04:53:00,19.482871963107026,60.07775243752016,1025.673748737944
2024-12-26 04:54:00,19.482871963107026,60.08349355095158,1025.6193284239764
2024-12-26 04:55:00,19.477847450511764,59.95121971102811,1025.5836770488388
2024-12-26 04:56:00,19.48789647599333,59.922964108543994,1025.6005595713739
2024-12-26 04:57:00,19.482871963107026,59.916997296536714,1025.5921182943587
2024-12-26 04:58:00,19.482871963107026,59.871065849984404,1025.5649081829852
2024-12-26 04:59:00,19.477847450511764,59.911030594446075,1025.5836770488388
2024-12-26 05:00:00,19.46779842619435,59.85316739848036,1025.5940041091947
2024-12-26 05:01:00,19.46779842619435,59.91632115446926,1025.6484230777248
2024-12-26 05:02:00,19.452724891901017,59.84675219398335,1025.5686800779338
2024-12-26 05:03:00,19.452724891901017,59.90990391322654,1025.5958888803646
2024-12-26 05:04:00,19.442675870493986,60.00130602685333,1025.606214274126
2024-12-26 05:05:00,19.43765136022703,59.983857574184626,1025.624980774147
2024-12-26 05:06:00,19.432626850251108,59.9664094132007,1025.643746875455
2024-12-26 05:07:00,19.427602340566228,59.99488617925207,1025.6897203505146
2024-12-26 05:08:00,19.422577831172383,59.96595728730866,1025.73569303312
2024-12-26 05:09:00,19.407504304737085,59.91361566243771,1025.6287437898714
2024-12-26 05:10:00,19.397455288568743,59.87872270440821,1025.6662724573189
2024-12-26 05:11:00,19.39243078092113,59.75220900915141,1025.712242450558
2024-12-26 05:12:00,19.387406273564558,59.85531144256296,1025.7310055815706
2024-12-26 05:13:00,19.377357259724523,59.81468048722449,1025.741325007982
2024-12-26 05:14:00,19.37233275324106,59.76853466721271,1025.7056763365042
2024-12-26 05:15:00,19.36228374114726,59.768086713266754,1025.7159952795098
2024-12-26 05:16:00,19.342185720452107,59.755711029684505,1025.7638350145967
2024-12-26 05:17:00,19.342185720452107,59.72127183790056,1025.7366309081485
2024-12-26 05:18:00,19.327112207986648,59.81243521135998,1025.738503930791
2024-12-26 05:19:00,19.32208770441357,59.69167942668466,1025.811670037377
2024-12-26 05:20:00,19.312038698140533,59.731409592253065,1025.849187210128
2024-12-26 05:21:00,19.286916187551107,59.78768207886285,1025.8341659860341
2024-12-26 05:22:00,19.29696519091376,59.77665245571849,1025.823853331284
2024-12-26 05:23:00,19.271842684689908,59.729619663738696,1025.9176363975812
2024-12-26 05:24:00,19.261793684237638,59.68326108371488,1025.9279460961177
2024-12-26 05:25:00,19.251744684949518,59.78611101959138,1025.8838544821567
2024-12-26 05:26:00,19.236671188200127,59.71083736205536,1025.8313187973117
2024-12-26 05:27:00,19.216573196608806,59.66977444603081,1025.8247373470833
2024-12-26 05:28:00,19.216573196608806,59.738633921025716,1025.8791347683234
2024-12-26 05:29:00,19.19145071366802,59.76046521440922,1025.8641045666297
2024-12-26 05:30:00,19.196475209674098,59.79511696273002,1025.8997481506426
2024-12-26 05:31:00,19.20149970597122,59.78386577673865,1025.9081941311595
2024-12-26 05:32:00,19.18140172252897,59.68542511379473,1025.9016076038224
2024-12-26 05:33:00,19.176377227396006,59.78274277040123,1025.8659645449109
2024-12-26 05:34:00,19.16632823800319,59.73639315791592,1025.8762694641803
2024-12-26 05:35:00,19.16130374374334,59.6615804893651,1025.8678234809188
2024-12-26 05:36:00,19.141205769614317,59.70658598768579,1025.8884307415765
2024-12-26 05:37:00,19.13618127680966,59.72357380506488,1025.8255940393503
2024-12-26 05:38:00,19.116083308501402,59.63662212437042,1025.9005883991545
2024-12-26 05:39:00,19.106034326093503,59.70501875779954,1025.8293074925373
2024-12-26 05:40:00,19.101009835326114,59.69332123668063,1025.875248803627
2024-12-26 05:41:00,19.09598534484976,59.664413604439986,1025.866802335129
2024-12-26 05:42:00,19.070862896833567,59.6690324770322,1025.797378122472
2024-12-26 05:43:00,19.070862896833567,59.720660167323864,1025.906147613176
2024-12-26 05:44:00,19.045740456093334,59.59908005969712,1025.83672189605
2024-12-26 05:45:00,19.045740456093334,59.62776116760878,1025.8911044723166
2024-12-26 05:46:00,19.030666995141654,59.764752756096364,1025.892954160113
2024-12-26 05:47:00,19.02061802262906,59.661060076064665,1025.9304403438307
2024-12-26 05:48:00,19.005544566042953,59.7808349411989,1025.8779082882818
2024-12-26 05:49:00,19.01056905128062,59.79826637078583,1025.8591657671166
2024-12-26 05:50:00,18.985446628002684,59.72258266488753,1025.8441196328279
2024-12-26 05:51:00,18.97037317752838,59.7505844846215,1025.9275305397493
2024-12-26 05:52:00,18.98042214422021,59.75676917301959,1025.91723791513
2024-12-26 05:53:00,18.950275247637183,59.847174563084934,1025.8665520387797
2024-12-26 05:54:00,18.945250765891977,59.720786879042876,1025.9124783675074
2024-12-26 05:55:00,18.925152841821546,59.79443605316219,1025.90587281403
2024-12-26 05:56:00,18.925152841821546,59.78296734287012,1025.9330588946793
2024-12-26 05:57:00,18.920128361531532,59.79994492354135,1025.8974247652461
2024-12-26 05:58:00,18.91510388153256,59.82265618804886,1025.916162380504
2024-12-26 05:59:00,18.905054922407725,59.845140745902185,1025.9536364158432
2024-12-26 06:00:00,18.88495700765052,59.80983395729957,1025.8926579056588
2024-12-26 06:01:00,18.879932529688812,59.85547781468985,1025.911393762075
2024-12-26 06:02:00,18.869883574638514,59.91236012842915,1025.9216805922783
2024-12-26 06:03:00,18.849785668030382,59.842653840289074,1025.9150691895366
2024-12-26 06:04:00,18.844761192105942,59.77362837736581,1025.988168305607
2024-12-26 06:05:00,18.839736716472544,59.8364683841441,1025.9253541958
2024-12-26 06:06:00,18.82968776607886,59.80161780182631,1025.9356384507475
2024-12-26 06:07:00,18.809589868783952,59.78351628133303,1025.8474805349435
2024-12-26 06:08:00,18.809589868783952,59.8007148196369,1025.8746615505959
2024-12-26 06:09:00,18.80456539518782,59.78329070505068,1025.866212887699
2024-12-26 06:10:00,18.799540921882727,59.78879784439051,1025.8849448421286
2024-12-26 06:11:00,18.779443031572736,59.83948689146391,1025.8783294462628
2024-12-26 06:12:00,18.764369616896147,59.85600448979147,1025.8529827806522
2024-12-26 06:13:00,18.75934514591936,59.86151005601328,1025.871712784363
2024-12-26 06:14:00,18.75432067523361,59.82115916104522,1025.8360851626958
2024-12-26 06:15:00,18.734222795401003,59.791595312030175,1025.775112619146
2024-12-26 06:16:00,18.729198326170444,59.88307703221286,1025.8481966603042
2024-12-26 06:17:00,18.724173857230927,59.81980214301161,1025.7582158314967
2024-12-26 06:18:00,18.7091004521586,59.836317930864176,1025.8415772732312
2024-12-26 06:19:00,18.69905151689891,59.887446669287066,1025.8246790107617
2024-12-26 06:20:00,18.694027049705618,59.864294829317096,1025.7890539763748
2024-12-26 06:21:00,18.673929183842848,59.93215844435431,1025.8367840752655
2024-12-26 06:22:00,18.66388025265769,59.868664779179596,1025.847060022795
2024-12-26 06:23:00,18.658855787501672,59.874168616569165,1025.865784944552
2024-12-26 06:24:00,18.648806858062745,59.86798400782456,1025.8488855260944
2024-12-26 06:25:00,18.643782393779837,59.8906792291234,1025.8676096650622
2024-12-26 06:26:00,18.6236845395586,59.87257947972796,1025.8881563037592
2024-12-26 06:27:00,18.6236845395586,59.86111887777967,1025.8881563037592
2024-12-26 06:28:00,18.61363561419421,59.860665006191546,1025.8440834948703
2024-12-26 06:29:00,18.60358668999397,59.88886122603588,1025.963044153589
2024-12-26 06:30:00,18.60358668999397,59.9690803033265,1025.9358720372302
2024-12-26 06:31:00,18.588513305876404,59.991314260709046,1025.856177141723
2024-12-26 06:32:00,18.57846438458655,59.96220962395536,1025.9479607691353
2024-12-26 06:33:00,18.57846438458655,59.96793916998484,1025.9207897553117
2024-12-26 06:34:00,18.558366545499304,59.9612967924024,1025.8869868110414
2024-12-26 06:35:00,18.563391004834557,60.00163026934729,1025.9497782002172
2024-12-26 06:36:00,18.54831762770191,59.943652788022376,1026.0331038170723
2024-12-26 06:37:00,18.543293169239767,59.983528367649605,1025.9974823440125
2024-12-26 06:38:00,18.538268711068667,60.01767362194238,1026.016199974436
2024-12-26 06:39:00,18.52821979559958,60.05731715278087,1025.9721273961593
2024-12-26 06:40:00,18.518170881294644,60.05112973257337,1026.0095611056013
2024-12-26 06:41:00,18.523195338301594,60.02844427693192,1025.9908444499567
2024-12-26 06:42:00,18.523195338301594,60.005529320870004,1026.0723504767438
2024-12-26 06:43:00,18.508121968153866,60.004842814694406,1026.1284973956745
2024-12-26 06:44:00,18.50309751202003,60.04471321076994,1026.1200443690464
2024-12-26 06:45:00,18.50309751202003,60.03898477536663,1026.0657086836468
2024-12-26 06:46:00,18.498073056177237,60.05021225054921,1026.05725613724
2024-12-26 06:47:00,18.50309751202003,60.02179941082189,1026.1472122390264
2024-12-26 06:48:00,18.50309751202003,60.01034245251308,1026.1472122390264
2024-12-26 06:49:00,18.513146424578736,60.00507166035007,1026.1369504542483
2024-12-26 06:50:00,18.50309751202003,60.01607093652871,1026.1472122390264
2024-12-26 06:51:00,18.518170881294644,59.99957179738391,1026.1725720871618
2024-12-26 06:52:00,18.50309751202003,60.00461395877497,1026.1200443690464
2024-12-26 06:53:00,18.498073056177237,60.05021225054921,1026.1930943664538
2024-12-26 06:54:00,18.508121968153866,60.07358487744129,1026.1556654897925
2024-12-26 06:55:00,18.508121968153866,60.062127964210354,1026.1284973956745
2024-12-26 06:56:00,18.508121968153866,60.07931331947273,1026.2100017325909
2024-12-26 06:57:00,18.508121968153866,60.12514050570745,1026.1556654897925
2024-12-26 06:58:00,18.508121968153866,60.16523878322171,1026.1284973956745
2024-12-26 06:59:00,18.518170881294644,60.18288532216737,1026.1454035447655
2024-12-26 07:00:00,18.533244253188606,60.17212061489494,1026.1979322227767
2024-12-26 07:01:00,18.52821979559958,60.171889926380835,1026.135140849134
2024-12-26 07:02:00,18.538268711068667,60.22390894158893,1026.1520468054578
2024-12-26 07:03:00,18.543293169239767,60.16112446903987,1026.1604998315195
2024-12-26 07:04:00,18.54831762770191,60.20718525150593,1026.2232926458153
2024-12-26 07:05:00,18.553342086455086,60.2589751659046,1026.1502359044225
2024-12-26 07:06:00,18.56841546446085,60.24821211987451,1026.2027654407468
2024-12-26 07:07:00,18.58348884508596,60.25463556636202,1026.2552966274195
2024-12-26 07:08:00,18.61363561419421,60.21018793472811,1026.3060183311406
2024-12-26 07:09:00,18.61363561419421,60.181539876184864,1026.251672783384
2024-12-26 07:10:00,18.63875792978797,60.205612433994006,1026.239591789115
2024-12-26 07:11:00,18.658855787501672,60.18361471765922,1026.3549282396389
2024-12-26 07:12:00,18.673929183842848,60.17857572633809,1026.325938819677
2024-12-26 07:13:00,18.66388025265769,60.189575485039605,1026.200332266441
2024-12-26 07:14:00,18.69905151689891,60.202650500500745,1026.205147372797
2024-12-26 07:15:00,18.7091004521586,60.1572646491269,1026.2220519117163
2024-12-26 07:16:00,18.734222795401003,60.13548978971219,1026.26431381649
2024-12-26 07:17:00,18.724173857230927,60.180879173231624,1026.2474089590235
2024-12-26 07:18:00,18.75934514591936,60.1939540150875,1026.2522182959883
2024-12-26 07:19:00,18.764369616896147,60.1884527814589,1026.2606704833643
2024-12-26 07:20:00,18.76939408816397,60.18295139791354,1026.3234818207102
2024-12-26 07:21:00,18.779443031572736,60.18341177938972,1026.2860272364871
2024-12-26 07:22:00,18.789491976145655,60.212531594849196,1026.3572928092108
2024-12-26 07:23:00,18.80456539518782,60.196026762449044,1026.3011080272584
2024-12-26 07:24:00,18.799540921882727,60.23018850176408,1026.2111132883026
2024-12-26 07:25:00,18.82968776607886,60.22583990558828,1026.3705518153888
2024-12-26 07:26:00,18.844761192105942,60.26665917869701,1026.3143611809128
2024-12-26 07:27:00,18.844761192105942,60.25519416406271,1026.287178341166
2024-12-26 07:28:00,18.839736716472544,60.249230875409744,1026.3059091569735
2024-12-26 07:29:00,18.839736716472544,60.283625471145484,1026.3059091569735
2024-12-26 07:30:00,18.854810144245857,60.301516660787556,1026.3040820360825
2024-12-26 07:31:00,18.864859097549925,60.36503839119431,1026.3753533493084
2024-12-26 07:32:00,18.88495700765052,60.33156910239598,1026.4091631684157
2024-12-26 07:33:00,18.910079401824625,60.30979390106916,1026.3970546309815
2024-12-26 07:34:00,18.930177322402596,60.36805377947321,1026.4308638006055
2024-12-26 07:35:00,18.925152841821546,60.33915490987313,1026.3952250520915
2024-12-26 07:36:00,18.935201803274687,60.28801568909316,1026.3577556565597
2024-12-26 07:37:00,18.935201803274687,60.27654839444496,1026.3577556565597
2024-12-26 07:38:00,18.950275247637183,60.3632475413762,1026.3287360135598
2024-12-26 07:39:00,18.975397660728778,60.358672278790586,1026.425370393776
2024-12-26 07:40:00,18.990471112076193,60.284821343816034,1026.4507264440501
2024-12-26 07:41:00,18.990471112076193,60.3995066319998,1026.3963479256572
2024-12-26 07:42:00,18.99549559644074,60.34239590828421,1026.3776101014334
2024-12-26 07:43:00,19.030666995141654,60.269462637025114,1026.4639618688384
2024-12-26 07:44:00,19.02564250873984,60.34378429181824,1026.4011284306182
2024-12-26 07:45:00,19.040715968818404,60.246983399444815,1026.4536741980169
2024-12-26 07:46:00,19.040715968818404,60.28712871815783,1026.399291304971
2024-12-26 07:47:00,19.03569148183451,60.327042413362825,1026.3908400601993
2024-12-26 07:48:00,19.045740456093334,60.31603465919235,1026.4349342430712
2024-12-26 07:49:00,19.045740456093334,60.338974691794796,1026.4349342430712
2024-12-26 07:50:00,19.02564250873984,60.38392708669746,1026.4283192136513
2024-12-26 07:51:00,19.02061802262906,60.40089897432808,1026.5014394014415
2024-12-26 07:52:00,19.02061802262906,60.39516441277127,1026.4742487879553
2024-12-26 07:53:00,19.02061802262906,60.42957163593214,1026.555820683065
2024-12-26 07:54:00,19.03569148183451,60.36145150737308,1026.4996050223622
2024-12-26 07:55:00,19.03569148183451,60.39586025052751,1026.4724137544943
2024-12-26 07:56:00,19.03569148183451,60.37292112740854,1026.4180312734131
2024-12-26 07:57:00,19.030666995141654,60.418567022245455,1026.4367708433886
2024-12-26 07:58:00,19.03569148183451,60.42453393514133,1026.526796308448
2024-12-26 07:59:00,19.050764943659306,60.367881093353,1026.4977696017565
2024-12-26 08:00:00,19.03569148183451,60.418799217710564,1026.526796308448
2024-12-26 08:01:00,19.040715968818404,60.4247661852953,1026.5352486742229
2024-12-26 08:02:00,19.040715968818404,60.37888765334072,1026.4808656718672
2024-12-26 08:03:00,19.055789431516313,60.40825791322509,1026.533413778944
2024-12-26 08:04:00,19.050764943659306,60.3850860641314,1026.6065374729592
2024-12-26 08:05:00,19.065838408103446,60.33989965152685,1026.6318962960675
2024-12-26 08:06:00,19.055789431516313,60.42546287417973,1026.5606059618383
2024-12-26 08:07:00,19.060813919664362,60.385549583264016,1026.6234433233212
2024-12-26 08:08:00,19.065838408103446,60.36284056745996,1026.5503183475007
2024-12-26 08:09:00,19.070862896833567,60.340130865802124,1026.585963534846
2024-12-26 08:10:00,19.065838408103446,60.34563489513112,1026.5775109788033
2024-12-26 08:11:00,19.070862896833567,60.32866021944099,1026.585963534846
2024-12-26 08:12:00,19.070862896833567,60.322924881639096,1026.5587706793385
2024-12-26 08:13:00,19.070862896833567,60.27704182831214,1026.531577842051
2024-12-26 08:14:00,19.070862896833567,60.340130865802124,1026.585963534846
2024-12-26 08:15:00,19.08593636477017,60.254790725900065,1026.6929020868954
2024-12-26 08:16:00,19.07588738585473,60.23712367968922,1026.6488023366803
2024-12-26 08:17:00,19.08091187516693,60.22588244710021,1026.5756754381223
2024-12-26 08:18:00,19.08593636477017,60.214640905417674,1026.6113213931903
2024-12-26 08:19:00,19.08593636477017,60.15154736530049,1026.665708504106
2024-12-26 08:20:00,19.09598534484976,60.16347731453384,1026.62822679058
2024-12-26 08:21:00,19.106034326093503,60.11804670752994,1026.7267156989597
2024-12-26 08:22:00,19.09598534484976,60.11185345595925,1026.5738388557168
2024-12-26 08:23:00,19.09598534484976,60.11185345595925,1026.6010328140374
2024-12-26 08:24:00,19.106034326093503,60.083629642041885,1026.617937889784
2024-12-26 08:25:00,19.106034326093503,60.06642097768493,1026.6451323147446
2024-12-26 08:26:00,19.106034326093503,60.06642097768493,1026.6451323147446
2024-12-26 08:27:00,19.116083308501402,59.96362082798827,1026.6348430922858
2024-12-26 08:28:00,19.121107800141907,59.975320845544694,1026.6161006616949
2024-12-26 08:29:00,19.116083308501402,60.003776379621236,1026.7164277670993
2024-12-26 08:30:00,19.111058817151935,59.98060337932442,1026.7079744773714
2024-12-26 08:31:00,19.116083308501402,59.94067458399365,1026.7164277670993
2024-12-26 08:32:00,19.126132292073454,59.952601103579994,1026.678943743333
2024-12-26 08:33:00,19.121107800141907,59.975320845544694,1026.6704908386585
2024-12-26 08:34:00,19.116083308501402,60.03245862401543,1026.6620379656677
2024-12-26 08:35:00,19.126132292073454,60.004230927158865,1026.7333344416138
2024-12-26 08:36:00,19.131156784296035,60.06756094537842,1026.7689834270852
2024-12-26 08:37:00,19.146230262710013,60.14855842848675,1026.8487370454936
2024-12-26 08:38:00,19.146230262710013,60.475529887748735,1026.794344444153
2024-12-26 08:39:00,19.156279249774524,60.60218886021866,1026.7840552254772
2024-12-26 08:40:00,19.16632823800319,60.68869728877153,1026.746568121089
2024-12-26 08:41:00,19.176377227396006,60.64327803942765,1026.845067333462
2024-12-26 08:42:00,19.171352732554077,60.62583530311527,1026.8366134394082
2024-12-26 08:43:00,19.16632823800319,60.619865036936446,1026.8009624068168
2024-12-26 08:44:00,19.171352732554077,60.59715450776759,1026.7550213108223
2024-12-26 08:45:00,19.176377227396006,60.56870700045979,1026.7634745322189
2024-12-26 08:46:00,19.176377227396006,60.5916521110667,1026.7362769682568
2024-12-26 08:47:00,19.176377227396006,60.637541864174175,1026.7634745322189
2024-12-26 08:48:00,19.18140172252897,60.620567385988764,1026.8535212591785
2024-12-26 08:49:00,19.19145071366802,60.49483231433348,1026.7888343863651
2024-12-26 08:50:00,19.18140172252897,60.43700161415176,1026.8535212591785
2024-12-26 08:51:00,19.186426217952977,60.33397232720969,1026.8619752165564
2024-12-26 08:52:00,19.19145071366802,60.403045165425134,1026.8432309142895
2024-12-26 08:53:00,19.20149970597122,60.29450541918135,1026.94173481281
2024-12-26 08:54:00,19.19145071366802,60.31699244577852,1026.9248258428788
2024-12-26 08:55:00,19.18140172252897,60.31653114915224,1026.8263234163178
2024-12-26 13:56:00,20.497829474508762,56.32349786609226,1025.8533807276344
2024-12-26 13:58:00,20.543050630070503,55.28218050796197,1025.8475338411654
2024-12-26 13:59:00,20.56817350445781,54.954501858807795,1025.8079381554696
2024-12-26 14:00:00,20.538026056066155,54.538499753057,1025.7845861973983
2024-12-26 14:01:00,20.548075204365887,54.33706317347686,1025.746942705621
2024-12-26 14:02:00,20.55309977895231,53.81834933268576,1025.755377151102
2024-12-26 14:03:00,20.588271809206343,53.45037089650314,1025.7871607768702
2024-12-26 14:04:00,20.618419275060297,53.20326984279422,1025.728729411558
2024-12-26 14:05:00,20.653591331798815,52.840888802098874,1025.70598286262
